{
    "metrics": [
        {
            "Accuracy": 0.9899846748257031,
            "Precision": 0.9902672753487654,
            "Recall": 0.9899436497615951,
            "F1 Score": 0.9898816193127432,
            "Model": "Random_Forest"
        },
        {
            "Accuracy": 0.8015066157266507,
            "Precision": 0.7955233640314399,
            "Recall": 0.8013612935409132,
            "F1 Score": 0.7964990964317568,
            "Model": "Logistic_Regression"
        },
        {
            "Accuracy": 0.9395626929137257,
            "Precision": 0.944650485542255,
            "Recall": 0.9393997066098626,
            "F1 Score": 0.9376309721692673,
            "Model": "SVM"
        },
        {
            "Accuracy": 1.0,
            "Precision": 1.0,
            "Recall": 1.0,
            "F1 Score": 1.0,
            "Model": "Decision_Tree"
        }
    ]
}