{
    "metrics": [
        {
            "Accuracy": 0.9912974683544303,
            "Precision": 0.9913779371953091,
            "Recall": 0.9912974683544303,
            "F1 Score": 0.9903863388216374,
            "Model": "Random_Forest"
        },
        {
            "Accuracy": 0.8512658227848101,
            "Precision": 0.8272776963945736,
            "Recall": 0.8512658227848101,
            "F1 Score": 0.8150496081711484,
            "Model": "Logistic_Regression"
        },
        {
            "Accuracy": 0.903876582278481,
            "Precision": 0.8698455448541895,
            "Recall": 0.903876582278481,
            "F1 Score": 0.8834758495341666,
            "Model": "SVM"
        },
        {
            "Accuracy": 0.96540482092,
            "Precision": 0.95360101343,
            "Recall": 0.979062423304,
            "F1 Score": 0.98510192423,
            "Model": "Decision_Tree"
        }
    ]
}
