{
    "metrics": [
        {
            "Accuracy": 0.9893196202531646,
            "Precision": 0.9894413610567088,
            "Recall": 0.9893196202531646,
            "F1 Score": 0.9873091539660032,
            "Model": "Random_Forest"
        },
        {
            "Accuracy": 0.8718354430379747,
            "Precision": 0.8512214086414628,
            "Recall": 0.8718354430379747,
            "F1 Score": 0.8434965903371465,
            "Model": "Logistic_Regression"
        },
        {
            "Accuracy": 0.908623417721519,
            "Precision": 0.8746425958638776,
            "Recall": 0.908623417721519,
            "F1 Score": 0.8895069703564036,
            "Model": "SVM"
        },
        {
            "Accuracy": 0.96540482092,
            "Precision": 0.95360101343,
            "Recall": 0.979062423304,
            "F1 Score": 0.98510192423,
            "Model": "Decision_Tree"
        }
    ]
}