{
    "metrics": [
        {
            "Accuracy": 0.9837816455696202,
            "Precision": 0.9840561675964454,
            "Recall": 0.9837816455696202,
            "F1 Score": 0.9804843336825061,
            "Model": "Random_Forest"
        },
        {
            "Accuracy": 0.8627373417721519,
            "Precision": 0.831023369244352,
            "Recall": 0.8627373417721519,
            "F1 Score": 0.8300808672042171,
            "Model": "Logistic_Regression"
        },
        {
            "Accuracy": 0.908623417721519,
            "Precision": 0.8743872578229883,
            "Recall": 0.908623417721519,
            "F1 Score": 0.8892822192773306,
            "Model": "SVM"
        },
        {
            "Accuracy": 1.0,
            "Precision": 1.0,
            "Recall": 1.0,
            "F1 Score": 1.0,
            "Model": "Decision_Tree"
        }
    ]
}