{
    "metrics": [
        {
            "Accuracy": 0.9912974683544303,
            "Precision": 0.9913773432997292,
            "Recall": 0.9912974683544303,
            "F1 Score": 0.990583802738808,
            "Model": "Random_Forest"
        },
        {
            "Accuracy": 0.8500791139240507,
            "Precision": 0.8282328568930033,
            "Recall": 0.8500791139240507,
            "F1 Score": 0.8108045578174462,
            "Model": "Logistic_Regression"
        },
        {
            "Accuracy": 0.8971518987341772,
            "Precision": 0.8630954250914927,
            "Recall": 0.8971518987341772,
            "F1 Score": 0.8744409885347747,
            "Model": "SVM"
        },
        {
            "Accuracy": 0.96540482092,
            "Precision": 0.95360101343,
            "Recall": 0.979062423304,
            "F1 Score": 0.98510192423,
            "Model": "Decision_Tree"
        }
    ]
}